{
  "attendance_pct": 0.2148975282907486,
  "internal_marks": 0.22262094914913177,
  "assignment_submission_rate": 0.11943425238132477,
  "semester": 0.0654875785112381,
  "attendance_trend": 0.23623766005039215,
  "marks_trend": 0.14132198691368103
}