{
  "attendance_pct": 0.2221025824546814,
  "internal_marks": 0.2323407232761383,
  "assignment_submission_rate": 0.10604650527238846,
  "semester": 0.06200401857495308,
  "attendance_trend": 0.23301595449447632,
  "marks_trend": 0.14449016749858856
}